{"stats":{"minecraft:used":{"moreitems:copper_sword":54,"moreitems:copper_hoe":3,"moreitems:copper_axe":18},"minecraft:custom":{"minecraft:jump":28,"minecraft:time_since_rest":149,"minecraft:deaths":1,"minecraft:damage_taken":180,"minecraft:damage_dealt":2016,"minecraft:crouch_one_cm":135,"minecraft:sprint_one_cm":3290,"minecraft:play_time":2252,"minecraft:time_since_death":118,"minecraft:walk_one_cm":20819,"minecraft:sneak_time":15,"minecraft:total_world_time":17510,"minecraft:mob_kills":63,"minecraft:fly_one_cm":6992},"minecraft:killed":{"minecraft:slime":63},"minecraft:picked_up":{"minecraft:slime_ball":35},"minecraft:killed_by":{"minecraft:slime":1}},"DataVersion":3337}